{"_step":2,"_runtime":10.362244884,"Solved":0,"average_reward":-4.460999999999998,"global_iterations":0,"mean_Q_value":0.0002911188348662108,"_wandb":{"runtime":14},"_timestamp":1.7343550493807757e+09,"entropy_iterations":0,"std_latent":0.08571851253509521,"Best reward":-4.460999999999998,"latent_entropy":1.4850332736968994,"mean_latent":-0.0009281053207814693,"q_loss":0.02559565901756289}