{"Best reward":-4.460999999999998,"_wandb":{"runtime":9},"entropy_iterations":0,"_runtime":7.328752305,"mean_latent":-0.0009281053207814693,"std_latent":0.08571851253509521,"_step":2,"_timestamp":1.7343551075770895e+09,"global_iterations":0,"Solved":0,"latent_entropy":1.4850332736968994,"q_loss":0.02559565901756289,"mean_Q_value":0.0002911188348662108,"average_reward":-4.460999999999998}