{"average_reward":-4.460999999999998,"_wandb":{"runtime":19},"Solved":0,"global_iterations":0,"_timestamp":1.7343594276466577e+09,"q_loss":0.44612143699355644,"_step":4,"std_latent":0.16485965251922607,"Best reward":-4.460999999999998,"_runtime":15.904651839,"entropy_iterations":2000,"mean_Q_value":-0.00214681145735085,"latent_entropy":5.358552932739258,"mean_latent":6.457889685407281e-05}