{"_step":144,"Best reward":-0.16300000000000062,"_timestamp":1.7343564006352012e+09,"mean_latent":0.011727899312973022,"entropy_iterations":122000,"latent_entropy":12.606525421142578,"_runtime":561.611084039,"global_iterations":120000,"q_loss":0.5344045766115983,"Solved":0.62,"average_reward":-0.5240000000000011,"_wandb":{"runtime":565},"mean_Q_value":0.11681018769741058,"std_latent":0.4393429756164551}