{"mean_Q_value":0.013643715530633926,"_step":25,"_runtime":95.25752168,"mean_latent":0.00031006347853690386,"latent_entropy":5.635934352874756,"entropy_iterations":20000,"_wandb":{"runtime":98},"average_reward":-3.081000000000003,"q_loss":0.4964552701824816,"std_latent":0.18306419253349304,"Solved":0.13,"Best reward":-3.060000000000002,"_timestamp":1.7343557232766848e+09,"global_iterations":20000}