{"Best reward":-4.460999999999998,"q_loss":0.4457296617258586,"std_latent":0.17965403199195862,"mean_Q_value":-0.0046521518379449844,"_runtime":21.901660045,"entropy_iterations":3000,"latent_entropy":5.823237419128418,"_wandb":{"runtime":23},"mean_latent":0.00027374166529625654,"_timestamp":1.7343557595989976e+09,"_step":5,"Solved":0,"average_reward":-4.460999999999998,"global_iterations":0}