{"_step":3,"q_loss":0.43660570413115035,"mean_latent":0.00191951310262084,"global_iterations":0,"Solved":0,"_timestamp":1.7343553400802994e+09,"latent_entropy":5.143072128295898,"_runtime":14.166830685,"Best reward":-4.460999999999998,"_wandb":{"runtime":17},"std_latent":0.17266154289245605,"average_reward":-4.460999999999998,"mean_Q_value":-0.0007437088061124086,"entropy_iterations":1000}